mr_belowski:belowski
ralph.fr:ralph
MabiX89:mabi
teal.eyed:tealeyed
Balou the Bear:balou
Klemenz:clements
Holmes:homes
John Paul Carr:carr
Martínez:martinez
Gómez:gomez
Muller:mueller
Clark:clarke
Fischer:fisher
Patricio Javier Alzamora:alzamora
Andersson:Anderson
Chavez:chaves
Christoph:christophe
Christopherssen:christopherson
Christoffersen:christopherson
D'Alessandro:dalessandro
Frank:franke
Low:laux
Laughton:lawton
Leigh:lee
McDonald:macdonald
Moor:moore
Sergent:sargent
Sunn:son
Tomas:thomas
Webber:weber